<?xml version="1.0" standalone="yes"?>
<dsNetFTCalibrationFile xmlns="http://tempuri.org/dsNetFTCalibrationFile.xsd">
  <xs:schema id="dsNetFTCalibrationFile" targetNamespace="http://tempuri.org/dsNetFTCalibrationFile.xsd" xmlns:mstns="http://tempuri.org/dsNetFTCalibrationFile.xsd" xmlns="http://tempuri.org/dsNetFTCalibrationFile.xsd" xmlns:xs="http://www.w3.org/2001/XMLSchema" xmlns:msdata="urn:schemas-microsoft-com:xml-msdata" xmlns:msprop="urn:schemas-microsoft-com:xml-msprop" attributeFormDefault="qualified" elementFormDefault="qualified">
    <xs:element name="dsNetFTCalibrationFile" msdata:IsDataSet="true" msdata:UseCurrentLocale="true">
      <xs:complexType>
        <xs:choice minOccurs="0" maxOccurs="unbounded">
          <xs:element name="tblNetFTCalibrationInfo">
            <xs:complexType>
              <xs:sequence>
                <xs:element name="SerialNumber" type="xs:string" minOccurs="0" />
                <xs:element name="BodyStyle" type="xs:string" minOccurs="0" />
                <xs:element name="CalibrationPartNumber" type="xs:string" minOccurs="0" />
                <xs:element name="Family" type="xs:string" minOccurs="0" />
                <xs:element name="CalibrationDate" type="xs:dateTime" minOccurs="0" />
                <xs:element name="MatrixFX" type="xs:string" minOccurs="0" />
                <xs:element name="MatrixFy" type="xs:string" minOccurs="0" />
                <xs:element name="MatrixFz" type="xs:string" minOccurs="0" />
                <xs:element name="MatrixTx" type="xs:string" minOccurs="0" />
                <xs:element name="MatrixTy" type="xs:string" minOccurs="0" />
                <xs:element name="MatrixTz" type="xs:string" minOccurs="0" />
                <xs:element name="GaugeGains" type="xs:string" minOccurs="0" />
                <xs:element name="GaugeOffsets" type="xs:string" minOccurs="0" />
                <xs:element name="CalibrationIndex" type="xs:int" minOccurs="0" />
              </xs:sequence>
            </xs:complexType>
          </xs:element>
          <xs:element name="tblCalibrationInformation">
            <xs:complexType>
              <xs:sequence>
                <xs:element name="CalibrationPartNumber" type="xs:string" minOccurs="0" />
                <xs:element name="ForceUnits" type="xs:string" minOccurs="0" />
                <xs:element name="TorqueUnits" type="xs:string" minOccurs="0" />
                <xs:element name="CountsPerForce" type="xs:long" minOccurs="0" />
                <xs:element name="CountsPerTorque" type="xs:long" minOccurs="0" />
                <xs:element name="MaxRatings" type="xs:string" minOccurs="0" />
                <xs:element name="Resolutions" type="xs:string" minOccurs="0" />
                <xs:element name="Ranges" type="xs:string" minOccurs="0" />
                <xs:element name="_x0031_6BitScaleFactors" msprop:Generator_UserColumnName="16BitScaleFactors" msprop:Generator_ColumnVarNameInTable="column16BitScaleFactors" type="xs:string" minOccurs="0" />
              </xs:sequence>
            </xs:complexType>
          </xs:element>
        </xs:choice>
      </xs:complexType>
    </xs:element>
    <xs:annotation>
      <xs:appinfo>
        <msdata:Relationship name="NetFTCalibrationInfo_CalibrationInformation" msdata:parent="tblNetFTCalibrationInfo" msdata:child="tblCalibrationInformation" msdata:parentkey="CalibrationPartNumber" msdata:childkey="CalibrationPartNumber" />
      </xs:appinfo>
    </xs:annotation>
  </xs:schema>
  <tblNetFTCalibrationInfo>
    <SerialNumber>FT32505</SerialNumber>
    <BodyStyle>Mini40</BodyStyle>
    <CalibrationPartNumber>SI-40-2</CalibrationPartNumber>
    <Family>Net F/T</Family>
    <CalibrationDate>2020-11-10T07:27:01.8112553-05:00</CalibrationDate>
    <MatrixFX>29.1146449315153 -6.93384641626419 -72.507923215319 1847.22675947306 13.384590643901 -1893.68926328442 </MatrixFX>
    <MatrixFy>63.9316289488041 -2241.29078336004 -24.1345119818336 1075.05236282789 -41.7544700803841 1091.66603049871 </MatrixFy>
    <MatrixFz>3145.39269024587 65.8863850181559 3134.04245131559 65.8841084883009 3213.93384598325 92.7723734060965 </MatrixFz>
    <MatrixTx>0.508926076520629 -12.1349512098869 45.3722805837547 6.45715688212034 -45.7609637064227 4.90526104113507 </MatrixTx>
    <MatrixTy>-51.2339099317175 -0.777232327060295 25.9779170199532 -9.70791597157323 27.1588412434098 11.0712052874698 </MatrixTy>
    <MatrixTz>0.54606600204546 -27.179624782777 1.01249502049501 -25.9504151206756 0.683097054429242 -26.4115991739714 </MatrixTz>
    <GaugeGains>625 649 627 635 641 639 </GaugeGains>
    <GaugeOffsets>30568 30056 30017 31320 31588 30650 </GaugeOffsets>
    <CalibrationIndex>0</CalibrationIndex>
  </tblNetFTCalibrationInfo>
  <tblCalibrationInformation>
    <CalibrationPartNumber>SI-40-2</CalibrationPartNumber>
    <ForceUnits>N</ForceUnits>
    <TorqueUnits>N-m</TorqueUnits>
    <CountsPerForce>1000000</CountsPerForce>
    <CountsPerTorque>1000000</CountsPerTorque>
    <MaxRatings>40 40 120 2 2 2 </MaxRatings>
    <Resolutions>24 24 24 24 24 24</Resolutions>
    <Ranges>24 24 24 24 24 24</Ranges>
    <_x0031_6BitScaleFactors>3663 3663 3663 62 62 62 </_x0031_6BitScaleFactors>
  </tblCalibrationInformation>
</dsNetFTCalibrationFile>