<?xml version="1.0" standalone="yes"?>
<dsNetFTCalibrationFile xmlns="http://tempuri.org/dsNetFTCalibrationFile.xsd">
  <xs:schema id="dsNetFTCalibrationFile" targetNamespace="http://tempuri.org/dsNetFTCalibrationFile.xsd" xmlns:mstns="http://tempuri.org/dsNetFTCalibrationFile.xsd" xmlns="http://tempuri.org/dsNetFTCalibrationFile.xsd" xmlns:xs="http://www.w3.org/2001/XMLSchema" xmlns:msdata="urn:schemas-microsoft-com:xml-msdata" xmlns:msprop="urn:schemas-microsoft-com:xml-msprop" attributeFormDefault="qualified" elementFormDefault="qualified">
    <xs:element name="dsNetFTCalibrationFile" msdata:IsDataSet="true" msdata:UseCurrentLocale="true">
      <xs:complexType>
        <xs:choice minOccurs="0" maxOccurs="unbounded">
          <xs:element name="tblNetFTCalibrationInfo">
            <xs:complexType>
              <xs:sequence>
                <xs:element name="SerialNumber" type="xs:string" minOccurs="0" />
                <xs:element name="BodyStyle" type="xs:string" minOccurs="0" />
                <xs:element name="CalibrationPartNumber" type="xs:string" minOccurs="0" />
                <xs:element name="Family" type="xs:string" minOccurs="0" />
                <xs:element name="CalibrationDate" type="xs:dateTime" minOccurs="0" />
                <xs:element name="MatrixFX" type="xs:string" minOccurs="0" />
                <xs:element name="MatrixFy" type="xs:string" minOccurs="0" />
                <xs:element name="MatrixFz" type="xs:string" minOccurs="0" />
                <xs:element name="MatrixTx" type="xs:string" minOccurs="0" />
                <xs:element name="MatrixTy" type="xs:string" minOccurs="0" />
                <xs:element name="MatrixTz" type="xs:string" minOccurs="0" />
                <xs:element name="GaugeGains" type="xs:string" minOccurs="0" />
                <xs:element name="GaugeOffsets" type="xs:string" minOccurs="0" />
                <xs:element name="CalibrationIndex" type="xs:int" minOccurs="0" />
              </xs:sequence>
            </xs:complexType>
          </xs:element>
          <xs:element name="tblCalibrationInformation">
            <xs:complexType>
              <xs:sequence>
                <xs:element name="CalibrationPartNumber" type="xs:string" minOccurs="0" />
                <xs:element name="ForceUnits" type="xs:string" minOccurs="0" />
                <xs:element name="TorqueUnits" type="xs:string" minOccurs="0" />
                <xs:element name="CountsPerForce" type="xs:long" minOccurs="0" />
                <xs:element name="CountsPerTorque" type="xs:long" minOccurs="0" />
                <xs:element name="MaxRatings" type="xs:string" minOccurs="0" />
                <xs:element name="Resolutions" type="xs:string" minOccurs="0" />
                <xs:element name="Ranges" type="xs:string" minOccurs="0" />
                <xs:element name="_x0031_6BitScaleFactors" msprop:Generator_UserColumnName="16BitScaleFactors" msprop:Generator_ColumnVarNameInTable="column16BitScaleFactors" type="xs:string" minOccurs="0" />
              </xs:sequence>
            </xs:complexType>
          </xs:element>
        </xs:choice>
      </xs:complexType>
    </xs:element>
    <xs:annotation>
      <xs:appinfo>
        <msdata:Relationship name="NetFTCalibrationInfo_CalibrationInformation" msdata:parent="tblNetFTCalibrationInfo" msdata:child="tblCalibrationInformation" msdata:parentkey="CalibrationPartNumber" msdata:childkey="CalibrationPartNumber" />
      </xs:appinfo>
    </xs:annotation>
  </xs:schema>
  <tblNetFTCalibrationInfo>
    <SerialNumber>FT32506</SerialNumber>
    <BodyStyle>Mini40</BodyStyle>
    <CalibrationPartNumber>SI-20-1</CalibrationPartNumber>
    <Family>Net F/T</Family>
    <CalibrationDate>2020-11-10T08:00:48.1448214-05:00</CalibrationDate>
    <MatrixFX>15.8599229197617 -3.01918378648824 -35.2354585479361 929.531271826452 8.62347312309518 -962.106360064705 </MatrixFX>
    <MatrixFy>31.911773073378 -1142.10964057378 -12.0923283240253 541.87196118703 -21.6681589441412 554.451154795835 </MatrixFy>
    <MatrixFz>1555.92213593023 33.831364779624 1577.35259228029 32.9424716900536 1633.8954843741 46.3693020258088 </MatrixFz>
    <MatrixTx>0.249603242573502 -6.19501453710056 22.7871748195182 3.23556729515573 -23.213931323637 2.5380290308796 </MatrixTx>
    <MatrixTy>-25.497995102246 -0.355586404409871 12.8706773799032 -4.91079085024211 13.6676426713371 5.59835802379212 </MatrixTy>
    <MatrixTz>0.347408273418545 -13.8573338256016 0.572067751919314 -12.8931806984365 0.436640468640909 -13.5736697883915 </MatrixTz>
    <GaugeGains>193 249 207 219 235 231 </GaugeGains>
    <GaugeOffsets>30610 30135 30124 31286 31576 30674 </GaugeOffsets>
    <CalibrationIndex>1</CalibrationIndex>
  </tblNetFTCalibrationInfo>
  <tblCalibrationInformation>
    <CalibrationPartNumber>SI-20-1</CalibrationPartNumber>
    <ForceUnits>N</ForceUnits>
    <TorqueUnits>N-m</TorqueUnits>
    <CountsPerForce>1000000</CountsPerForce>
    <CountsPerTorque>1000000</CountsPerTorque>
    <MaxRatings>20 20 60 1 1 1 </MaxRatings>
    <Resolutions>24 24 24 24 24 24</Resolutions>
    <Ranges>24 24 24 24 24 24</Ranges>
    <_x0031_6BitScaleFactors>1832 1832 1832 31 31 31 </_x0031_6BitScaleFactors>
  </tblCalibrationInformation>
</dsNetFTCalibrationFile>