<?xml version="1.0" standalone="yes"?>
<dsNetFTCalibrationFile xmlns="http://tempuri.org/dsNetFTCalibrationFile.xsd">
  <xs:schema id="dsNetFTCalibrationFile" targetNamespace="http://tempuri.org/dsNetFTCalibrationFile.xsd" xmlns:mstns="http://tempuri.org/dsNetFTCalibrationFile.xsd" xmlns="http://tempuri.org/dsNetFTCalibrationFile.xsd" xmlns:xs="http://www.w3.org/2001/XMLSchema" xmlns:msdata="urn:schemas-microsoft-com:xml-msdata" xmlns:msprop="urn:schemas-microsoft-com:xml-msprop" attributeFormDefault="qualified" elementFormDefault="qualified">
    <xs:element name="dsNetFTCalibrationFile" msdata:IsDataSet="true" msdata:UseCurrentLocale="true">
      <xs:complexType>
        <xs:choice minOccurs="0" maxOccurs="unbounded">
          <xs:element name="tblNetFTCalibrationInfo">
            <xs:complexType>
              <xs:sequence>
                <xs:element name="SerialNumber" type="xs:string" minOccurs="0" />
                <xs:element name="BodyStyle" type="xs:string" minOccurs="0" />
                <xs:element name="CalibrationPartNumber" type="xs:string" minOccurs="0" />
                <xs:element name="Family" type="xs:string" minOccurs="0" />
                <xs:element name="CalibrationDate" type="xs:dateTime" minOccurs="0" />
                <xs:element name="MatrixFX" type="xs:string" minOccurs="0" />
                <xs:element name="MatrixFy" type="xs:string" minOccurs="0" />
                <xs:element name="MatrixFz" type="xs:string" minOccurs="0" />
                <xs:element name="MatrixTx" type="xs:string" minOccurs="0" />
                <xs:element name="MatrixTy" type="xs:string" minOccurs="0" />
                <xs:element name="MatrixTz" type="xs:string" minOccurs="0" />
                <xs:element name="GaugeGains" type="xs:string" minOccurs="0" />
                <xs:element name="GaugeOffsets" type="xs:string" minOccurs="0" />
                <xs:element name="CalibrationIndex" type="xs:int" minOccurs="0" />
              </xs:sequence>
            </xs:complexType>
          </xs:element>
          <xs:element name="tblCalibrationInformation">
            <xs:complexType>
              <xs:sequence>
                <xs:element name="CalibrationPartNumber" type="xs:string" minOccurs="0" />
                <xs:element name="ForceUnits" type="xs:string" minOccurs="0" />
                <xs:element name="TorqueUnits" type="xs:string" minOccurs="0" />
                <xs:element name="CountsPerForce" type="xs:long" minOccurs="0" />
                <xs:element name="CountsPerTorque" type="xs:long" minOccurs="0" />
                <xs:element name="MaxRatings" type="xs:string" minOccurs="0" />
                <xs:element name="Resolutions" type="xs:string" minOccurs="0" />
                <xs:element name="Ranges" type="xs:string" minOccurs="0" />
                <xs:element name="_x0031_6BitScaleFactors" msprop:Generator_UserColumnName="16BitScaleFactors" msprop:Generator_ColumnVarNameInTable="column16BitScaleFactors" type="xs:string" minOccurs="0" />
              </xs:sequence>
            </xs:complexType>
          </xs:element>
        </xs:choice>
      </xs:complexType>
    </xs:element>
    <xs:annotation>
      <xs:appinfo>
        <msdata:Relationship name="NetFTCalibrationInfo_CalibrationInformation" msdata:parent="tblNetFTCalibrationInfo" msdata:child="tblCalibrationInformation" msdata:parentkey="CalibrationPartNumber" msdata:childkey="CalibrationPartNumber" />
      </xs:appinfo>
    </xs:annotation>
  </xs:schema>
  <tblNetFTCalibrationInfo>
    <SerialNumber>FT32508</SerialNumber>
    <BodyStyle>Mini40</BodyStyle>
    <CalibrationPartNumber>SI-20-1</CalibrationPartNumber>
    <Family>Net F/T</Family>
    <CalibrationDate>2020-11-10T09:59:12.1884167-05:00</CalibrationDate>
    <MatrixFX>12.6218301047284 6.77420937406469 -22.8977170883825 948.918990557373 -1.50977380260043 -955.887764420428 </MatrixFX>
    <MatrixFy>0.340718825020166 -1154.87495064949 13.5751314554314 546.328712736977 -13.8650298674093 558.556381780395 </MatrixFy>
    <MatrixFz>1567.28696247685 61.5802680282119 1604.45290795966 -3.99812718406872 1613.37889327381 24.9405380476553 </MatrixFz>
    <MatrixTx>0.305310928088293 -6.1492839162873 23.3385570809077 2.97834878745858 -22.9701776074966 2.49116224281622 </MatrixTx>
    <MatrixTy>-25.6325765133189 -1.25539425683673 13.3211021023335 -5.10864562594789 13.3872016840538 5.50346679908214 </MatrixTy>
    <MatrixTz>0.155841328813059 -13.882306549366 0.360861346679804 -13.3528227516509 0.0500073531669573 -13.3087805612999 </MatrixTz>
    <GaugeGains>211 277 207 207 219 221 </GaugeGains>
    <GaugeOffsets>28872 29292 30694 31662 32567 31442 </GaugeOffsets>
    <CalibrationIndex>1</CalibrationIndex>
  </tblNetFTCalibrationInfo>
  <tblCalibrationInformation>
    <CalibrationPartNumber>SI-20-1</CalibrationPartNumber>
    <ForceUnits>N</ForceUnits>
    <TorqueUnits>N-m</TorqueUnits>
    <CountsPerForce>1000000</CountsPerForce>
    <CountsPerTorque>1000000</CountsPerTorque>
    <MaxRatings>20 20 60 1 1 1 </MaxRatings>
    <Resolutions>24 24 24 24 24 24</Resolutions>
    <Ranges>24 24 24 24 24 24</Ranges>
    <_x0031_6BitScaleFactors>1832 1832 1832 31 31 31 </_x0031_6BitScaleFactors>
  </tblCalibrationInformation>
</dsNetFTCalibrationFile>